{
    "category": {
        "url": "iwes.shop",
        "key": "XVWQJWZR6D8TS9F3IMFQLHURI4MD91WX",
        "resource": "categories",
        "debug": false
    },
    "manufacturer": {
        "url": "iwes.shop",
        "key": "AJBU8WEZX164VE5VI99JPJVDESS373KS",
        "resource": "manufacturers",
        "debug": false
    },
    "shop": {
        "url": "iwes.shop",
        "key": "1QVJHPL7W9N2ABKLGL968L6LNLVUT1CX",
        "resource": "shops",
        "debug": false
    },
    "product": {
        "url": "iwes.shop",
        "key": "6SS993LXNX84RQN9XZ4XSTZRNZCBJLQV",
        "resource": "",
        "debug": false
    },
    "productOption": {
        "url": "iwes.shop",
        "key": "EXH4731KYEJG6DSF3CJ9ND5P3EVR5DKI",
        "resource": "product_option_values",
        "debug": false
    },
    "features": {
        "url": "iwes.shop",
        "key": "8Y943RJ5WLFG56TTLIBHXWMI3VFKV64I",
        "resource": "products",
        "debug": false
    },
    "orders": {
        "url": "iwes.shop",
        "key": "5DIB4MSUY3UYEUWXKN2SLVVV9LLL79IP",
        "resource": "",
        "debug": false
    }
}